column,dtype,missing_count,unique,mean,median,std
Row ID,int64,0,9994,4997.5,4997.5,2885.1636290974325
Order ID,object,0,5009,,,
Order Date,object,0,1237,,,
Ship Date,object,0,1334,,,
Ship Mode,object,0,4,,,
Customer ID,object,0,793,,,
Customer Name,object,0,793,,,
Segment,object,0,3,,,
Country,object,0,1,,,
City,object,0,531,,,
State,object,0,49,,,
Postal Code,int64,0,631,55190.3794276566,56430.5,32063.69335036448
Region,object,0,4,,,
Product ID,object,0,1862,,,
Category,object,0,3,,,
Sub-Category,object,0,17,,,
Product Name,object,0,1850,,,
Sales,float64,0,5825,229.85800083049833,54.489999999999995,623.2451005086807
Quantity,int64,0,14,3.789573744246548,3.0,2.2251096911414
Discount,float64,0,12,0.15620272163297977,0.2,0.20645196782571615
Profit,float64,0,7287,28.65689630778467,8.6665,234.2601076909573
